X1,X2,label
0.7542462506997276,0.23148073787097836,1
-0.7561588822214413,0.15325887663494678,1
-0.8153919335251194,0.17328202920351576,1
-0.393730728902315,0.6928827699017868,1
0.4422076451826442,-0.8967234339920015,0
-0.4796463680909052,0.6764347685615512,1
-0.01364835948765009,0.8033487191694424,1
0.771513273784567,0.14775958770972614,1
-0.1693223397310359,-0.7934557525393878,1
-0.12148579609572473,1.0215090535090692,0
-0.6424904164605417,-0.5440992919100412,1
0.5694666038619414,0.8447677588470264,0
-0.11773591057994579,0.83140071355219,1
0.7341000380997706,-0.33316553284716566,1
0.6007763329875784,-0.5874263247064434,1
0.1902257071593219,-0.7634100332379965,1
-0.9369518458691565,-0.3434314034123277,0
0.10706169647542807,-0.7930922002083585,1
-0.8189136188148606,-0.10162399471098164,1
-0.6421001301658269,-0.7453744107773587,0
0.6268271991614062,0.4500469765427874,1
-0.5622913599321846,0.8537590623741356,0
-0.021266657940981575,-0.9962753104714336,0
0.7397705779966571,0.2783702523787685,1
-0.9090483931626677,0.45724363092388837,0
-0.9369941113549001,0.19944234898713223,0
0.2866157795638462,0.979738705284201,0
0.8262607165388521,-0.15335757392759,1
0.25343339734490505,-0.7709718019147017,1
0.6579462552707562,-0.4650809670466636,1
-0.31483477907451746,-0.9040708539611471,0
-0.2239896013581317,0.9929932641567513,0
0.008443892458404115,0.7836021340356716,1
1.005038870311242,0.012500922067145042,0
-0.08951581980284554,-1.0677683182718436,0
-0.7885744733936725,0.6872374451965618,0
-0.5682053624291838,0.5706360048159362,1
0.4476467817947157,0.7138552423074742,1
0.2632607189552557,-0.7444151440363913,1
0.7450204353353834,0.6411401752763233,0
-0.5971189712221787,-0.7739910558320856,0
0.3619283792704055,0.937331805734003,0
-0.7142425071309714,-0.6792177717703557,0
0.8338393770479202,-0.2410363078325334,1
-0.8339818555066204,-0.5815747291590141,0
-0.9108606418767068,-0.35030356256537665,0
0.4876255574087219,-0.7226935217930912,1
0.2307368781182363,0.7827358362017345,1
0.7584127912851786,-0.7182075323240764,0
-0.4127468390261082,-0.7183312139975903,1
0.4761766215665452,0.6119394942187456,1
0.03999585090487873,-0.8385639166408724,1
-0.9663282523933252,-0.14250670748557176,0
0.4779142892607109,0.6091295621477674,1
0.9280060239010142,0.3005193417294198,0
0.9058031687634934,0.36318848294318706,0
0.08031034540768718,0.8007084930136412,1
0.9717877149324666,0.12981183046847858,0
-0.9578052536136464,0.3766402927756541,0
-0.5133845123834423,-0.611759495512766,1
-0.7604302348514318,-0.5796074803722696,0
0.820119769638232,0.5479108205792194,0
0.6287874341067,0.36567935897798154,1
-0.9055096056277738,0.49883839549245707,0
0.21736847295697165,0.7646606730154483,1
-0.6012492553422195,0.5486424367753512,1
-0.33370985654340346,0.6752769688377184,1
-0.10114183703577566,-0.7969767431033971,1
0.6519834696455034,0.7473332285075851,0
0.6833446896871117,0.4124511360610199,1
0.2031366578455953,0.9526774182881406,0
0.9990959824722926,-0.09176155093035952,0
0.3556377588346771,0.6922638803534658,1
-0.8054094942523703,0.08340862635217738,1
-0.8395074999491272,-0.5318356148727977,0
-0.8752516662803007,-0.463121266939196,0
-0.21686371833799023,0.7241797477851037,1
0.8625742268914285,0.44258326169863293,0
0.2995992381586943,0.7724648092809785,1
-0.7914964176645775,-0.6810749180246018,0
-0.46268009378409547,0.5701766298454723,1
0.6980233551996458,0.6951223869979206,0
-0.9136556741992661,-0.37411332498617306,0
0.6134077849467316,0.7295934783754149,0
-0.6274310750477744,-0.755180128255201,0
0.6487546259161449,0.4941964855253468,1
0.8644045375796322,6.36421777435274e-05,1
-0.7382098363461355,0.33714832230046815,1
-0.8380849995051912,-0.027127623468326225,1
-0.6161567387060463,-0.8069766879691425,0
0.14801841791994144,-0.974605861749381,0
0.8022648191113357,-0.5617645810433141,0
0.818238140623845,0.26547638747169433,1
-0.9503445841127715,0.40668255852467206,0
-0.719816184023117,-0.33450877543461544,1
0.7051617244273082,-0.7914006671724403,0
-0.7980918602122695,-0.13406169629333214,1
0.40535226707526684,0.9112720844472434,0
0.6569295125470382,0.6875825057867737,0
-0.4218188051468101,-0.6795847342396752,1
-0.7108657677719463,0.2788932532573665,1
-0.23460214187408074,-0.9640011539012606,0
0.5577822688586757,-0.5708761160138565,1
-0.9789318943306732,-0.1209022050175181,0
-0.1004266809765434,0.7739286962781415,1
-0.23988591440132784,0.8069190523356005,1
0.612204651745631,0.5094287018009361,1
0.7015423662974624,-0.40422744140991673,1
-0.4551887131725831,0.8561087166147819,0
0.35615999177830854,-0.7031501745597679,1
0.7659792147264626,0.29169219182073014,1
-0.5189776662135368,-0.6073078436979255,1
0.7329437927168199,-0.11558099559008722,1
-0.5798466831709416,-0.5967978504567996,1
0.5026409925061335,0.8858793965015653,0
0.6810867112843639,-0.7356915219448055,0
-0.6367447497188863,0.7693794128855853,0
0.7560098080127755,-0.1993732994000562,1
0.6822882206970642,0.3297633175744938,1
-0.8264399397555356,-0.5211592003339158,0
0.18300487988315617,-0.7882126701335286,1
0.6216573354185272,-0.8114294675862174,0
-0.7290366447931326,0.3853020952490975,1
-1.0342694989854118,-0.11030223325878394,0
-1.0179604904346824,0.20097497007202828,0
0.5821796762891353,0.5443157881214103,1
0.4152756732079324,0.6332481958648435,1
0.7509956975290837,-0.606117612470093,0
-0.05425642115584538,-0.7874698474231837,1
-0.6876975026427236,-0.45266309800822135,1
0.2781568755519309,0.7590891603895079,1
-0.22005975932802413,-0.7781815976996991,1
-0.9975829780536879,-0.2619196619582992,0
0.8260162080470472,-0.040816556719346586,1
0.6970085442112928,0.23237153297077623,1
0.7443343239546588,0.6612337280081003,0
0.05377970488665445,0.9738831209284619,0
-0.9350105292585245,0.39425193283022686,0
0.8930461672619268,0.2727951194255562,0
0.5857422707000193,0.8067671292303333,0
0.8460227902002934,0.5004070846707719,0
-0.9299977899784035,0.017773275263534564,0
-0.7124500665337805,0.3337627597042321,1
-0.9721760169641783,-0.3775602065995941,0
0.1638905992322582,-0.7975892301260418,1
0.39322445023647357,-0.724519096040661,1
-0.5980539733269234,-0.5526811316117098,1
-1.0083608783119111,0.04011969931756884,0
-0.470410495326843,-0.5975748175540674,1
-0.6173828036046437,-0.7897588810976915,0
-0.20057293084939845,0.7585128963414683,1
-0.3321851447626815,0.9433763216679169,0
0.7416141288564005,-0.2230744751528667,1
0.6168153105377199,-0.7609482902823345,0
0.6063154669702193,-0.5077579568796555,1
0.8626197550536787,-0.45643780166234377,0
-0.7899695269068997,-0.7130530171338897,0
-0.6025077206125198,0.4657671767301077,1
0.703741363479976,0.6842987636921872,0
0.11112793882418144,-0.8267138522910296,1
0.1900753772849398,0.7177144914462958,1
-0.7456456565159697,-0.1593116364071374,1
-0.19791702114801157,0.7299371515333336,1
-0.29639548352987977,0.7747216696155491,1
-0.0930659047208916,-0.7845251314402646,1
-0.3835617277456882,0.6986718726722897,1
-0.8113640698342159,-0.5458187387127222,0
-0.5611747209447148,0.5806460226017661,1
-0.6633976810694475,-0.6743583608506795,0
-0.7484443671685219,-0.6701302427063663,0
-0.18613276003319484,-1.0095711041475834,0
0.9446954292008629,-0.245992840763051,0
0.19992889122930452,0.9942996116058418,0
0.7855977311302411,-0.11012979001235784,1
1.009096915405487,-0.21970485076475518,0
-0.1494863261678992,-0.9859530602941103,0
-0.976137828533688,-0.09075177053805417,0
-0.9487572981544861,-0.10644747214062633,0
-0.6271949025174202,-0.4983856308756512,1
-0.47020356751177905,0.6366309404267614,1
1.033428358583808,-0.11857163296984118,0
-0.42339506108648195,0.687717710852935,1
0.019538923612444758,-1.0118241639825114,0
0.7467899256267343,0.26199406592680247,1
-0.3487984091771634,-0.7148707398787043,1
-0.16462954515163267,0.9924858256589174,0
-0.23767681916121242,-0.9843573227480199,0
-0.1292643857742736,-1.053171908533243,0
0.6187166245593377,-0.5004074239377365,1
-0.8509666419212155,-0.00214195439420594,1
0.5982962375710441,-0.4916764478003062,1
-0.4176563873457863,-0.6404031650560148,1
-0.27016768073463554,0.7793780802083329,1
-0.8082393682245437,0.5634962241955155,0
-0.8972791331605028,0.4673812411591396,0
0.36608864228603677,-0.8654370640174703,0
-0.4875028776186965,-0.863723671246592,0
-0.8852495751051725,0.4835495692023816,0
0.12240665771061031,0.7840393177084207,1
0.5853906991466667,0.8203066243467338,0
0.9494939967749567,0.3555441321880047,0
0.7319517226947277,0.33372174018416667,1
-0.5951791279831429,0.5316153942076539,1
0.6171989753635474,0.5434940344168504,1
-0.4048942090585576,-0.6961356082606934,1
0.32260555599522667,0.7622052909758745,1
-0.5126751991857611,0.8748136847543909,0
0.4228009651753964,-0.7087433104618711,1
0.957278592526571,-0.07227345558240908,0
-0.5005489586850463,-0.6416822588384002,1
0.6368049665037999,0.7459096592974962,0
-0.21874813157320783,1.0097276194846876,0
0.461921236640087,-0.6479752668914927,1
-0.4590062056623127,-0.6794708688057501,1
-0.22033125827956257,0.7289452033703827,1
-0.49446898428732544,-0.883803350176594,0
-0.3653992039994713,0.7201991460659177,1
-1.00064635351676,-0.004564101705834805,0
0.3051992763913434,-0.7482841629518898,1
-0.6190779452992046,0.40222046862526417,1
-0.7547665794158708,-0.5839752370359286,0
-0.810173601946623,0.16089779140656377,1
0.7527696290856811,-0.24979774886445905,1
0.8109688917036594,0.555616390853361,0
0.21453551358181674,-0.8041842943891021,1
1.0293506714025704,0.04382938964297559,0
0.665991700944833,0.4067902043278208,1
-0.3007516775045,-0.975012875763339,0
0.3394889066946469,-0.7367253821045365,1
0.7313220957946073,0.3701359657314649,1
-0.3971629937439032,-0.8924069073809149,0
0.8011631211949551,-0.03175708029238123,1
0.9656931391176242,-0.19698065022178873,0
0.48226851064472215,0.7126888062252706,1
0.9041555241162507,0.409042917596385,0
0.8941299194283533,0.3639001483954145,0
-0.9530711364792368,0.2703787301499096,0
0.8040234498726329,-0.36160544007072226,1
-0.77393754765355,0.6886116402455689,0
-0.5374580182508002,-0.8469950955520331,0
0.9842218011547655,0.04403803178134634,0
-0.8047966569772016,0.5430723438618483,0
0.815637840153223,0.16621320363879533,1
-0.7090013464230199,-0.4891061851188814,1
-0.8092967168533121,-0.5870038484935403,0
0.19654822275128722,1.0332799287732461,0
0.5884354213324304,-0.7876962955122448,0
0.5912838963797356,0.8289108357612279,0
0.5087131383326953,0.832569507655728,0
-0.858101146780003,-0.41380528377821435,0
0.5264882989462506,0.836958347761198,0
0.8046030522441852,-0.0990298072685896,1
-0.7553477174490956,-0.3780758312839107,1
0.18449728567230403,-0.7454333410354855,1
0.21798646920055054,-0.9514657941517347,0
-0.6425973391377765,-0.7844136983819692,0
0.7885337879990584,0.18659385430507403,1
0.4184006669829656,-0.7335199855086116,1
0.4787321066990016,-0.6857190853424742,1
0.9513497689135747,0.0546186404143191,0
-0.8401601120121387,0.19682441438636575,1
0.897049539188613,-0.38876868392379116,0
0.3641106494897269,0.8969739675382338,0
-1.0050066771177835,-0.184090047898381,0
-0.19885839064983046,-0.9378518453399707,0
-0.03384567868143412,-0.7995925656219752,1
-0.6479464094352069,-0.41485300418309135,1
0.053691265671235264,-0.9866349428200678,0
-0.07006786781273583,0.7811986767745285,1
0.07677835907650728,-1.0177852038008017,0
0.9881872221313854,-0.15638187950026777,0
0.08215136493527171,1.0095853179516483,0
0.22955068941375392,-0.7605664604601956,1
-0.9958197221913621,0.013576046754640164,0
0.7628100359747442,0.2605914002320151,1
0.9305837446764509,0.20098897028851487,0
-0.8045963144881488,0.6397930619913229,0
0.19020751110768466,0.7889501820541478,1
0.5334717045391435,0.8314730756743391,0
-0.7000003177344246,-0.327243974958988,1
0.38408036663890033,0.6829943648949546,1
-0.6654033484237976,-0.3853982751750873,1
-0.9615724598232273,0.14701891334816958,0
-0.8897743048721575,-0.47972871802546513,0
-0.876364246729782,0.4841807852129248,0
-0.764492753342064,0.34237738739920115,1
-0.2323977734632467,-0.9309212768157907,0
0.7784181351983707,-0.5890061334672331,0
-0.9283675118190354,0.2774478611660426,0
0.6574315960729537,-0.4271727553582772,1
0.6397019308904168,-0.4914865701423296,1
-0.7205659938783273,-0.46512714496962193,1
0.8313444391925533,0.02715134106692356,1
0.9210492397799234,-0.41805385868448564,0
-0.12394446934362216,-0.9945279419565218,0
0.9238468461295493,-0.422233896831075,0
0.5092970072398597,-0.632487123404771,1
0.591304708120339,-0.7397115776719295,0
0.9495517971086914,0.07874511698342725,0
-0.4069189123940627,0.9117472669981507,0
0.7012378175061811,0.37317839704248307,1
0.7616585733719057,-0.6385277623032013,0
0.9070540009448991,-0.2447605308599144,0
0.558649880156361,-0.7968123884153511,0
-0.7646144143776972,-0.2763124003969881,1
0.6065512611451431,-0.524307862013885,1
-0.44936580086080363,-0.9249058508863137,0
0.531916732990461,0.6748259425551995,1
0.5606654387623222,-0.5727464338617063,1
0.5252289233073724,0.6085154522303717,1
0.29815637578390664,0.7566539637607809,1
0.7428105929033396,0.26598919665469034,1
0.39402252548118394,0.6512674141769783,1
-0.6568943029968926,0.39302822865143217,1
0.7366273038152898,-0.5960251377191409,0
0.8760314260735002,-0.5336831208128622,0
-0.9801273785427373,0.22534758404947236,0
-0.2890473055707014,-0.9632985053602773,0
-0.7986981255782817,0.23489266748113616,1
-0.8327376537886303,0.46624834214523647,0
0.5512086329442344,0.8094111985771271,0
-0.2430968213781649,0.9562674640130755,0
-0.8113592963036604,-0.606019645885057,0
-0.015993306138549393,0.8036080403718185,1
-0.7182078268441738,-0.25473648904198354,1
0.7892088658820152,0.07229721091215288,1
-0.3879173226798841,-0.9541324501988327,0
1.0167698425766,-0.19640843516656545,0
-0.7140926778531257,0.3991044253445443,1
-0.07794675812342756,0.9739260666153176,0
-0.6403896708122797,0.4286870486458646,1
-0.6657218334869471,-0.718499125250778,0
-0.7438027622719224,0.2522538094323854,1
0.02648541433023649,0.7618549369622005,1
1.0157308824175872,-0.022047312434333985,0
-0.6859560373644639,-0.7239069823458187,0
-0.6440580523069693,0.46884160083800785,1
0.6183682805558606,0.45353302992148425,1
0.013632661965558322,-0.8499909062753297,1
0.7456169827143418,0.31303641954715644,1
0.9709580434487695,-0.30818838322977044,0
0.3133433138668477,-0.9917221352119827,0
-0.527584097884325,0.8637173732903133,0
0.009080560469879637,0.9839755495093571,0
0.18780762021975236,-0.9547313690395233,0
0.5028034164938963,-0.8656668842448311,0
0.6175953965313867,0.4804181813847753,1
0.2529431251233543,-0.7499833229933301,1
0.4071247425498809,0.9258682444111963,0
0.6071791073299674,-0.5516663643693906,1
-0.6331771715080113,0.8259781895002245,0
-0.9900426424524824,-0.33404562461543824,0
0.2198018467551902,-0.7164702437774619,1
0.6392410047112826,0.8142475262780107,0
-0.8672907431057209,-0.5131539600094642,0
-0.10504757718706395,1.0160413078072175,0
-0.8364657664084282,-0.5853469470094625,0
0.6250766541837901,-0.8255426625033253,0
-0.5381524191829506,-0.8527755554089761,0
-0.25251627006322863,0.9294174121282265,0
0.5694588518059576,-0.8001302522369297,0
0.43091704861138286,0.7122738422007167,1
-0.14780861078317828,0.9988749839251497,0
0.7931929146665316,-0.5769349547297637,0
-0.45559185077895986,0.8997631052344751,0
0.906616027506806,0.31795054012092,0
-0.7879460624596364,-0.2351818324119789,1
-0.751635788609911,0.6778284294086567,0
0.13719420421470696,-1.0347165231389206,0
-0.16334311507977722,-0.8007610218334736,1
-0.5000849182714293,0.8519324881121519,0
-0.6679231711774207,0.42861492080812025,1
-0.19892657104413836,0.9962064192163925,0
-0.5804265653144755,0.858521680045531,0
1.0142121304482985,0.09331462892637754,0
-0.813635074544315,0.04314177351078064,1
0.9263902873268239,-0.283542417219092,0
0.5768330202039165,0.8333824541154967,0
0.34213950771987833,-0.7187467249216027,1
-0.5688743716595801,-0.563301174105886,1
-0.9147054156621834,0.14122138058898237,0
-0.26820227820615467,0.9844739551157944,0
-0.766910292762343,-0.4009798577012806,1
-0.9910064394830339,0.16994058253332422,0
-0.9145437557789065,0.3697442052380515,0
0.399742892076579,-0.6782219637385148,1
0.7133518638442183,0.00879807942400509,1
-0.07935221399753849,0.9723351523281623,0
0.8098951424020762,-0.1387415454850887,1
-0.7928871465753642,-0.22511755133015116,1
-0.7052071085775771,0.7270889187353381,0
0.8532742838467354,0.48039940685931604,0
-0.6337865677322685,0.48095038631601517,1
0.22108060135285823,0.958430268965575,0
0.35917717428589385,0.693211188879779,1
0.7164135522199141,0.6744290190472193,0
0.3831103622375405,-0.8611160238243211,0
0.7146219602242343,-0.6722806820542127,0
-0.8007621117402123,-0.040599874092130735,1
0.7842183412884932,-0.065283401761223,1
0.991098824000473,0.28754208069919807,0
0.9416004779126989,-0.3800404836898965,0
0.7049362669308937,0.37133373458122365,1
0.7283148212776724,0.3033674825543412,1
0.0961739640257134,0.7730136818827507,1
-0.6066886399028848,0.48408582640959114,1
0.4485007994547493,-0.6421817578113701,1
-0.507187956338847,-0.8320246656527823,0
0.7657751862235695,0.5967023276778223,0
0.831953418969044,0.0443937970780796,1
0.7148031322210561,0.14641961160778547,1
0.4024168245809139,-0.7437535456593721,1
-0.7315150686904005,-0.2976104605504524,1
-0.9502945408930548,-0.2086477299408877,0
-0.5807835885408118,-0.6089546088307431,1
-0.7036956238053638,0.4130434273709671,1
-0.4829515644522106,0.6398354786061033,1
-0.40325531701842543,-0.6620363473497973,1
0.7604066951861862,0.18446846453376234,1
0.7505497279579849,-0.6159790511837279,0
0.9771862737085175,0.2759346191199303,0
-0.730731127817523,0.3433247183816566,1
0.9843769660395546,-0.2256517193987085,0
0.5011938226060157,0.6423654443342947,1
0.6365843441454425,-0.7857786875748005,0
-0.07995375347235062,-0.96021657172058,0
0.4900809119077417,0.8508418125633389,0
0.7287853306711106,0.6724177255105095,0
-0.15356110777426593,0.8157365330058854,1
-0.9438137385625773,-0.23361716892778206,0
-0.9424047228369843,-0.4408531661723912,0
-0.17894592771764103,-1.0100558762219196,0
-0.24159088317525718,-0.9286428262164841,0
0.8334937426278716,-0.5240168717544844,0
-0.8950652969514405,-0.29066477592394724,0
1.0110257822697262,0.16802846431656535,0
-0.682197851793504,0.7650276627498389,0
-0.07114657132749326,-1.002444713900004,0
0.042418156785676675,-0.8361660504127969,1
0.04813469419990464,0.7352552556519475,1
-0.9256072587068467,0.3372505242797898,0
0.4797733565260346,0.619087056777556,1
0.7501353049565157,-0.29943653427800015,1
-0.3159309339397285,0.7783770927313283,1
0.6845861255217064,0.43663839037761276,1
0.4366785081259563,0.6616119642731316,1
-0.04387742874919676,0.7917595280267731,1
-0.5712470166475927,0.8236004558755061,0
-0.41656699412144904,0.7161323561825148,1
-0.44402691917600473,0.6597354278275722,1
0.38257178678031084,0.6984685465435572,1
0.004276606414650271,-0.7824100360128948,1
0.2251851264573511,-1.0192849571807183,0
-0.44474655819897924,0.909844857388878,0
-0.9306718867198909,0.0573930873364885,0
-0.14726039953624936,0.797241930386566,1
0.15460783771139283,-0.7749852953445332,1
-0.4102801391578404,0.7078024452032106,1
-0.018671345849724276,-0.9856573001011764,0
0.4408691749202751,-0.8944301287255779,0
0.6227586185283721,0.773765591796111,0
0.1888650633348152,0.9759673859053478,0
0.2740755206129015,0.7123771899060433,1
0.7274280998741044,-0.33316802765386866,1
0.17194206810918072,-1.0155939523239765,0
0.2691809982321782,1.009025958183026,0
0.09429459372021079,0.957272180259801,0
0.48999751488641524,-0.8885337319287563,0
0.736329649037853,0.1843899766700446,1
0.8751983646158286,-0.5042779186954169,0
0.3634101049991747,-0.8663900978863084,0
0.45333920516157733,0.8927140061275141,0
0.5449356495282621,-0.6336005283703596,1
0.44254926195726463,0.8743323875157438,0
-0.4042763864614642,-0.8911717432548504,0
0.7947148664750351,-0.14081859292052024,1
0.49295494530450734,-0.613423992651031,1
0.5817373693852894,-0.5680597058889173,1
0.18020822332386224,0.7997020317817773,1
0.3128876495020198,0.7755577365449754,1
0.17349550878118167,0.7681735002810867,1
0.4082138696069176,0.9455382403357758,0
0.9072545398092478,0.16181838987352196,0
0.24788763263069097,-0.991962912463224,0
0.7068951199679218,0.3182678617019692,1
0.8719284435962527,0.473475673115741,0
0.8696188522792092,0.520925943621553,0
-0.49054017322418,-0.8698287451188957,0
-0.5141115672390949,0.8717733063737297,0
1.0337117525463373,-0.046816899105088634,0
0.046012073066413556,-0.8580577048573468,1
0.23811389274595707,0.7614464164531259,1
-0.8400518551511275,-0.09549556022534775,1
0.29318368844756926,0.9741996860526283,0
0.5410260378183002,-0.7964580340060048,0
-0.5868706946757504,0.7804400758837501,0
0.7513776041236717,-0.6350028230926871,0
0.4869640099666481,-0.8284687612323034,0
-0.08357480598748362,-0.7999707073975698,1
0.07645154848941481,-0.8082605088699318,1
-0.5960776716876757,0.6115834469791557,1
-0.5809249880872315,0.8173336742316157,0
0.2593332416299609,-1.0015190318791078,0
0.3615518971945009,-0.7367273358993639,1
-0.6754168377764619,-0.40790647668315366,1
0.6717540858965897,-0.41217661446207937,1
-0.529615572864174,0.5833771010278841,1
0.0751532719315008,-1.0226359226731052,0
0.6716806599961672,-0.37309656012749004,1
-0.8157191763294117,-0.010473418054409735,1
-0.9930842805124872,-0.12178198829550163,0
0.6576241845355548,0.3368646664551184,1
-0.47434135276752615,-0.8736867483064014,0
1.0033594478032206,0.19028381143449813,0
-0.6011914618015951,-0.8196873531186302,0
-0.7694226098891594,-0.10786477604259365,1
-0.9720458431727547,0.36165458869616013,0
-0.66768608061031,0.8509060315267823,0
0.7842143002713291,-0.15916850444789737,1
0.9377750768503843,0.26349399019007885,0
-0.24930171053019484,-0.9878867825447333,0
-0.3751930206933384,0.6826597225888621,1
-0.10949341030769533,-0.7077559971197697,1
-0.43464552876946944,-0.9002575870587206,0
0.6584404232844099,-0.7080973666336421,0
0.6387741543455557,0.4534534788562642,1
-0.44088877647737995,-0.6928782521772352,1
-0.8440473057674293,0.6171758951671878,0
0.002863456996858263,0.7673901979049094,1
0.370050863730727,0.922444950602477,0
0.6386697090161085,0.5345198880385329,1
0.6371685366133151,0.752484926439022,0
0.011297600219066176,0.8175058943956559,1
-0.9313769820349368,-0.4296886625660931,0
-0.26896526201375803,-0.7631127138869886,1
0.6319489671442196,-0.7346633048174849,0
-0.35545712530065493,0.9540763226817727,0
0.5973094103344058,0.8080594395356466,0
-0.7766978316670047,0.17687615625219882,1
0.7809627136968208,-0.6012528178477172,0
-0.7407390794512696,0.7024880485080032,0
-0.9342299761612355,-0.24567878349339586,0
-0.9452801476386841,0.15797878908024582,0
0.9317628907560221,-0.15661761107621283,0
0.11123883930200947,1.0360036756154805,0
0.6390454766300926,-0.5091662959119914,1
0.8138831022154442,0.11442582755040648,1
-0.5068016401735551,-0.6436819589785306,1
0.36097766870346054,0.7477756026428531,1
0.012448180291428287,0.9870883735924135,0
0.10488997973292888,1.0081140751634465,0
0.926595314057602,-0.3482910566209763,0
-0.5944616374975596,0.5480957468970724,1
0.7482655205362215,0.6216900719213474,0
-0.1422545887478903,-0.7848112332435383,1
0.3644522017880049,-0.7078359951913505,1
-0.05968794681005997,-0.9969845835043404,0
-0.9665751914413677,-0.2256215656342472,0
0.8719900445300249,0.5893646076707941,0
-0.3566139482786108,-0.9547558632578118,0
-0.7695315080295682,0.6294165483882599,0
0.8537245131029791,-0.003334173563989618,1
-0.4183430280501436,-0.6782537335488004,1
-0.7795222314579786,0.14914423476682334,1
-0.9324496594438924,-0.15211360992223924,0
0.7451415350198839,-0.7152440485422595,0
-0.4751901723782838,0.6863926930197737,1
-0.7811973751537088,-0.6948928582462858,0
-0.4293264527590578,-0.8803253145176118,0
0.7444592917848569,-0.35669689168994967,1
-0.3140001248690074,0.9425432849735704,0
-0.00731537327253535,0.9390308281716286,0
-0.6966164682345011,-0.31198081462007365,1
0.7634635260560052,0.6251008402700626,0
-0.2760426315592416,-0.9252737011410497,0
0.4874827512443977,-0.6311259811535095,1
-0.20083407051258823,0.9535661338141351,0
0.9656167102180921,-0.4017659718269214,0
0.2849795792415345,-0.939136604417348,0
-0.015275857214563865,0.8233259372244484,1
-0.5961480045531709,-0.7401368627441742,0
0.9135482735043153,0.2402744061123054,0
-0.5591500155656474,-0.5797687119014813,1
-0.6793370264182247,-0.36537911583219296,1
-0.6331156130974935,-0.5077825139751966,1
0.399554600643101,-0.9007203937042321,0
0.686083767748057,0.36321065636316735,1
-0.0009139410005190585,0.7301116465166257,1
0.892361301609377,0.49259778882432714,0
-0.5801971478645206,0.807113612456623,0
-1.0036527520299177,0.03451355778602117,0
-0.4521563203044095,-0.6518261853087168,1
-0.41595522829262754,0.7136563393693417,1
-0.7931103142688759,-0.030686072010613342,1
-0.1429458053311151,-0.7976171618342045,1
-0.3366304611276423,0.9227346409390528,0
-0.8836559896366984,-0.4677563566091295,0
0.20069429528403898,0.7695733735833554,1
0.46108876769492196,0.6010659855038919,1
-0.8450981974828135,0.09365797827000276,1
1.0087714414514608,0.18608857327943046,0
-0.012280706569132518,1.0266582606939247,0
-0.5907855364152805,-0.7798549071174699,0
-0.9759975881614267,-0.08227045888692516,0
-0.31060525950006157,0.7221723756889731,1
0.6975105620395361,-0.34861071157665724,1
-0.7185427161366694,0.7194523689673381,0
0.13328789938327087,1.0113726173633244,0
0.10988360309627142,0.8755150793869155,1
0.13489822552080244,0.7566673703266238,1
-0.5932023081740474,0.759952850530185,0
-0.7749928907428251,-0.5910046973446337,0
-0.7317329763797664,-0.12367674071069668,1
-0.6738551424752712,0.42015132765536534,1
-0.7848249950293317,0.2897417429258296,1
-0.5766026243178227,0.5840797491131829,1
0.764607673161154,-0.28075582307890806,1
0.7945415266459117,0.17390586296583063,1
0.8282564111095704,-0.1414336747720395,1
0.9130544432243779,0.5390380664413581,0
0.328334563234558,-0.7336154760695095,1
-0.40456132816815565,0.8539993198743934,0
-0.24423910407186672,-0.8259272775903942,1
-0.532833346396696,0.8003262312680243,0
0.9530250736915943,0.17962767466943047,0
0.7862210894229237,0.11043828019588159,1
0.8560669851206195,0.5499430463215299,0
0.7618675380519608,-0.20320348597389337,1
0.5944954230200264,-0.5530523784108996,1
0.7624552510251021,0.14407510530596984,1
0.6322394677944598,-0.44575531650089206,1
0.971689485287813,-0.3135564637923883,0
-0.9157979127938994,-0.3706220463344625,0
-0.7481588334587789,0.29351203029741507,1
-0.021226946838835567,-0.8554871126753721,1
-0.926116038283256,0.30357264448757165,0
0.970258951854847,0.36688332214459357,0
0.697659862581024,-0.453386647030579,1
0.706995999738576,-0.7299788631639927,0
0.6318227466956973,-0.4517737078657355,1
-0.16275910717818282,-1.0567359742693123,0
-0.9920260757050952,0.25163507182927586,0
0.9394833790862215,0.4336550925938913,0
0.739219364703694,-0.34567268027091985,1
0.02422611443275862,-0.9652081526398973,0
0.9603624599916556,-0.4317986014043217,0
0.7383946595140839,-0.29955699056727186,1
-0.2357674386222781,-0.741747323261468,1
-0.6682719019051491,0.4147719511856196,1
-0.38241338634421507,-0.7474518594074507,1
-0.6820992148022962,0.632486426286724,0
-0.26745491181463965,-0.7503258302447467,1
-0.08456843228723077,-0.7537494088527569,1
0.8135609332236748,0.055520191569956176,1
0.7952682795128263,-0.32618748117930435,1
-0.4569769571459086,-0.7082999365882001,1
0.4291423897925957,0.7130251046284686,1
0.7520275289250833,-0.2984381748884855,1
-0.5029624539499739,0.8730458193341714,0
0.2672554195850689,-0.6970555644170878,1
-0.2852501497364148,0.9663775377100758,0
-0.6708571692688877,-0.4338633116375414,1
0.7893092400137818,-0.10671473566317446,1
-0.827353510380968,-0.06313711469120578,1
0.17651041458981723,0.9797240081796516,0
-0.9972445972917737,0.3334410738526042,0
-0.5737467193505336,0.5407073601509599,1
0.3062610063768081,0.92652548593809,0
0.4975276412270339,-0.7993534166441794,0
0.5819162654478058,-0.8648573623542338,0
-0.8013791002375144,-0.034399941435627,1
0.3767279222395678,0.6915618232360268,1
-0.7468850419116512,-0.28222189051982505,1
-0.47844485753147586,0.6536223791796731,1
0.021213362874587402,0.9865092817372153,0
0.783485410009109,0.6247290858421667,0
-0.3137563135963133,0.9742159875168499,0
0.2984529275963176,-0.9833221685523829,0
0.6322793323124071,-0.5711080301091143,1
-0.8520276498305025,0.4790307455938095,0
-0.2751407093434148,0.7397065103285674,1
-0.31967361406115385,-0.699353851578521,1
-0.8228234559874597,-0.1463827603192401,1
0.9571073719716469,0.0744105380607451,0
-0.6015676363078615,-0.5104500484425536,1
0.9282479021273974,0.3823740452439107,0
0.8183767080345287,-0.6005138850624806,0
-0.2629135005904107,0.8277035513996066,1
-0.9905336197805887,-0.010706233535487362,0
-0.7274676939717875,-0.5840388657950917,0
-0.8124269996754235,0.0019204919467175896,1
0.5012487609469348,0.6057386677270582,1
-0.025631562243905198,0.806975101345324,1
-0.7716449092874819,0.23249010976740342,1
0.14891509234642097,-0.7754804002383141,1
-1.0086163071786205,-0.12403050619995334,0
0.14616651778287573,0.7506520523173688,1
-0.8310000538457674,-0.5451599295612379,0
0.4783621337877398,-0.850914324970077,0
-0.35245868553616827,0.9257742385947053,0
-0.6913155390969695,-0.38942195783602235,1
-0.14269091418867347,0.7132374431605981,1
0.22149684434960762,-0.7957430235700844,1
0.6830322832996064,0.46012126706647377,1
0.12267318840963713,-0.7476115511669629,1
1.0236259253141655,-0.15635923851131353,0
-0.27700956527913606,0.9921346683915844,0
-0.19084417416133787,0.9711501190652451,0
-0.685109279494352,0.28725720983513603,1
0.5462035801608499,-0.5769193359417395,1
-0.8046679556729042,0.08781989016866117,1
-0.2971387891382068,0.7121380684307048,1
-0.35965004190324823,-0.9635093209468375,0
0.8777730239985015,-0.4226847029512617,0
-0.5723339720941876,-0.7875472470322106,0
-0.6810119114798626,0.7024938200205075,0
0.0460431811205857,1.035157804081459,0
-0.2008264519302808,-0.7561324600700933,1
0.14659405274052334,0.7881690112237891,1
-0.2488780008328423,0.973806037044159,0
0.6419307345775087,-0.4518753133983716,1
-0.7920198628350298,0.6014064229355246,0
0.16297160021575083,0.779840984533944,1
-0.9334232188403072,-0.3381536554425488,0
-0.8714247248634773,-0.5210228481308523,0
0.35266763105784216,-0.9509639924904029,0
0.03231386843117281,1.0017648536202848,0
-0.6708527986245375,0.7246539766355855,0
-0.8534734927438191,0.5443660089222563,0
0.7377232528124091,-0.7215471274404014,0
-1.0033846946611058,0.07126640673375659,0
0.47340193897738636,-0.8573058405985537,0
0.47904481332943943,-0.6073766049751397,1
-0.7834629176849957,-0.14921088997563478,1
0.2542357154822747,-0.7039683860746423,1
-0.41104312763051476,-0.6909942302772168,1
0.12041939977602573,-0.7608101100760108,1
0.015380346701456493,0.9600260220697324,0
-0.13964788773478068,0.7965941706055027,1
0.29965894499640294,-0.9195250576541916,0
-0.7027835978832848,-0.3147169925147762,1
-0.767769076376619,-0.15786064639279063,1
-0.8204985650330169,0.15186309752885627,1
0.3454998024352839,-0.6838116690738805,1
-0.9800774417696511,0.3789365795540116,0
-0.14971082379942724,0.7554592778581843,1
0.3666172383147256,-0.7005839745939276,1
-0.7710944600433958,-0.051090153212281664,1
-0.635707507020399,-0.48387713612434513,1
0.41195044197144154,-0.7041217566311028,1
0.03191337582318952,0.7852909254460855,1
0.0207698141534809,-0.8198484466724443,1
-0.7984795979063323,-0.07191743688978149,1
0.13100246454942563,-0.9677798260342918,0
0.7490206579196692,-0.21626358434761256,1
0.8419524065390922,0.050442220025772914,1
-0.9616008131307532,-0.23649922950508578,0
-0.5118995610917735,-0.6079028899298505,1
0.7058515068453991,-0.6435782718151148,0
1.0048360449130898,-0.05878480924994685,0
0.14949387046757565,0.9908792533008551,0
-0.5777727433611105,0.5365169729060717,1
-1.0595024599098635,0.22477748243665552,0
-0.10350590627063945,-0.8040106971779635,1
0.13727968104741567,0.7371265691768777,1
-0.4000618227289594,0.6604196726053818,1
-0.037029960237994514,-0.9852084678184423,0
0.7661876706395657,-0.12608501485515716,1
-0.33051574139271084,-0.7212391757372437,1
-0.9481398836268876,0.2600747066902621,0
-0.7461218260425448,-0.35316233836721744,1
-0.4400862301872097,0.665555457018282,1
-0.6337565893641979,-0.7870022817309722,0
-0.1815754173582603,0.7439752049153566,1
0.4315480809093295,-0.9092737387937727,0
0.20166092487953918,-0.8091935041165308,1
-0.7484624472346075,0.3977524254202525,1
-0.2577666826290585,-1.0112825914208,0
-1.0014920933272469,-0.17952596985901215,0
-0.7743577288471712,-0.012035200590858157,1
-0.022425248094653114,0.8001979282244687,1
-0.054139105635140294,0.7956564632428412,1
-0.8596946084508731,-0.38488416039014756,0
0.04417441186066234,-1.0216249284699248,0
0.1164790890591656,-0.9471842076691406,0
-0.9542291587354336,0.3267106527330662,0
0.6939023228307745,-0.4677673787962994,1
-0.6197694546498198,-0.5685800102989546,1
0.9683939327346143,-0.38518629612127586,0
-0.3245363262561965,-0.918424866033688,0
0.7302164949691582,0.022143756651247536,1
-0.1518933106021708,0.7822627476163072,1
0.7670547274232551,-0.15401981626337222,1
0.5444321772077303,-0.6322575196650623,1
0.2736483323432504,-0.7450562730179775,1
0.07637416941418051,0.7992759115098275,1
-0.20512373745672277,-0.7943670289630186,1
-0.648894671073323,-0.5122219420668284,1
-0.1887874717075618,0.7450411261308513,1
-0.2733314262664937,-0.7050733112964849,1
0.6197252295435544,0.5065572033880413,1
0.6470775184032832,-0.36420842278785936,1
0.41871462978343776,0.6842829391370144,1
-0.6563068045837774,-0.43576449407211926,1
0.473864309988295,0.821235341822633,0
-0.9850490669569215,0.11895950482308912,0
-0.6678647224027024,0.48166959392581116,1
-0.41323972354301564,0.9276431495234827,0
0.7640057280810101,0.18884368464278042,1
0.8889289193821449,0.43251806512674323,0
0.7262911942962836,0.36687384099954484,1
-0.47019729874249583,0.7874937334369062,0
-0.3020405082223377,0.7449721458605064,1
0.1438825767619942,-0.822794070477396,1
-0.1659807563269514,-0.7684886766898441,1
-0.27427549516016697,-0.7410317702253439,1
0.5972407164657175,-0.5661656577588126,1
-0.8033136949561221,0.17431732537992708,1
0.37300688513006974,0.9310178574658269,0
0.5785812238786303,0.5517941604039278,1
-0.9913142696011618,0.14249601691645172,0
-0.7985075081401108,0.04298965402878902,1
0.44947933535634904,0.6661791576250823,1
-0.5414007370488523,0.5828961779776723,1
0.8832713585361246,-0.5178476521622161,0
0.6288401990061091,0.5411553444307802,1
0.14866438356960138,-0.7955730810468107,1
-0.8321357248094554,0.48709277376282745,0
0.19113696858660842,-1.0097938652988632,0
-0.6667084308853005,-0.3987165989774339,1
0.2683371547013746,-0.9882155618882728,0
-0.7844765147134364,-0.17436538113174005,1
-0.29014075675920126,-0.7442226181550144,1
-0.9379809392964777,0.35591594372474,0
0.9584135224951219,0.002146504175291074,0
-0.7721961407319756,-0.17490444561422006,1
-0.16659008510239884,0.7994464484289531,1
0.5379118547160742,-0.6405378371783721,1
0.14230405647305933,0.7419602901441181,1
-0.7495601034024306,0.08283553415006098,1
0.6487199984625004,0.4191841919754225,1
-0.8066333429377892,0.2481908628222149,1
-0.5263923779013568,0.5910705062098993,1
0.28661211556205435,1.0024921229384158,0
-0.6062929173585693,-0.42312642772306186,1
-0.7909707084104896,0.25675187682129014,1
0.5097224547775092,0.6264750658253474,1
0.42211062255357823,-0.9372395070628713,0
0.7889206088439018,-0.0840388204034815,1
0.8428667408080918,0.5171103191377158,0
0.9037102114950051,0.3605870776748516,0
-0.7584501001448375,-0.2718130960640777,1
-0.3493583664292833,-0.6982349625379228,1
-0.7710481083073784,0.5767213741921382,0
-0.1272134021339651,1.0223431401298686,0
0.9741019545550623,0.3550372705660781,0
0.0216670514212705,-0.7857417307775691,1
-0.9652990430072124,0.2802657554053447,0
0.9732752630105188,-0.18778859941913517,0
-0.7489150332574606,-0.29511259991157324,1
0.015744780553044773,-1.029985337980138,0
-0.919034488940717,-0.4820508047501406,0
0.5509607408740553,-0.8329099936234612,0
-0.46961008319758935,0.6870801047295186,1
0.16784106585941552,-1.0158035539566617,0
0.3482330483483279,0.7495822349764134,1
0.9858762872358002,-0.05919392225428097,0
-0.11884520894374537,0.9350828676794335,0
0.6935828991489785,0.7095072656243862,0
0.9883938867095555,-0.34491887235105384,0
-0.20395240882346127,0.752540626264425,1
-0.020635775911696626,1.0024487522669618,0
0.7162376995847877,-0.2138452196568348,1
0.8039783305983104,0.2230528611965187,1
-0.35770673510205153,-0.7437584458155005,1
0.6412336471122897,-0.36295228033514665,1
0.7261115676050304,0.7501749989603994,0
-0.5447463564656126,-0.5643463051955612,1
1.0171882597501503,0.20274791369095313,0
-0.39245810234344797,0.9453751473329335,0
0.8602279056815848,0.497954401050223,0
0.9559775176522681,-0.13702806911140272,0
0.08199052958808703,-0.9706101529398745,0
-0.6836416235815741,0.7141747418408704,0
-0.8610869882970189,-0.1323560103021015,1
-0.8964804756693007,0.3983335835664961,0
-0.7175218295198676,-0.35084926159402274,1
0.7921817289060871,0.6215741527838768,0
0.053376089984528696,-0.8294746904076238,1
-0.4537836379400618,-0.8485471139792256,0
-0.7451706559276483,0.02130216827111061,1
-0.7472000718879788,0.31189399846156685,1
-0.7503695325849699,0.29835762982970204,1
-0.874219676177027,-0.5442229875639775,0
-0.6865856403800426,0.43169531616388684,1
-0.9886238237496424,0.011729695365758202,0
-0.7833733866096269,0.2607961089308866,1
0.9156385861489124,-0.41266275221233084,0
0.8464203309672467,-0.5550197308023204,0
0.7689154073366372,-0.07324925048141229,1
-0.5101442637008428,-0.6286277622257987,1
-0.0935772775863707,-0.8154019862438591,1
-0.992187918850456,-0.2410456606740242,0
-0.8374488872041793,0.6055320960710548,0
-0.38271544809144986,0.8796822868397768,0
0.6034434590456926,0.5050395675804349,1
-0.75607360816184,0.20406867666324197,1
0.3625613321387873,-0.9126995874978865,0
-0.694389948710595,0.46944420426865,1
1.000474721865928,-0.31188500995004154,0
-0.5109810351863668,-0.6386109511892075,1
-0.7875175795323244,-0.2587267515892489,1
0.20884043862090323,0.970907372690748,0
0.5930456239825342,0.5647740775615808,1
0.1557403398868197,-0.9335187024165833,0
0.9666733203493365,-0.03727125499784005,0
0.5372645127549545,-0.5891120761312592,1
0.7271979056884099,-0.1832578599477429,1
0.6047006104061715,0.5163440014387992,1
0.5384541415476042,0.8562059957708182,0
-0.8468294537602439,0.5413975726712285,0
0.916025788562852,0.3899937422857312,0
-0.7158877358757669,-0.20978089047767137,1
0.8316581555022753,0.11069964409728782,1
0.5606809136116147,-0.7662085273134764,0
0.8571960828686271,-0.5924900551825824,0
-0.11930369552798428,-0.9853075070402497,0
0.4643050939370231,0.9318476864218235,0
-0.4630527384692815,-0.8485435978128123,0
0.21967494129527718,-0.7772973713759614,1
0.5451090987525796,0.5275405627696316,1
-0.3714176377991621,-0.9148519281690817,0
-0.769240143821552,-0.24414131352834087,1
-1.019543042647434,0.10862854744515284,0
0.996182154006127,0.1683269915067862,0
-0.73271105862026,-0.7421388059475484,0
0.29753748340933617,0.7460718308062073,1
0.15069981544411243,-0.9912544172543822,0
-0.9114745962497863,-0.24630821880413611,0
-0.46850141155372715,0.8409864852683497,0
-0.32984794177629595,-0.7068233896805616,1
0.7750026685171586,-0.10640488505640273,1
-0.15752278061570663,0.7632812117001113,1
-0.4768193000350307,-0.573488291924047,1
0.9920913558555065,-0.18613403742362267,0
0.7328539420929819,-0.1927486663368511,1
0.8415001776742628,0.06063563963938392,1
-0.4155096033571039,-0.6294374695612428,1
-1.0016848308229966,0.06926452630009262,0
0.5448812039791673,0.6130045149298871,1
-0.05153382287424797,-0.7914539406952875,1
0.5935388922335176,0.5540307270801735,1
-0.5217137016611648,0.5954828197826575,1
-0.6560675313325746,0.6711352188853685,0
-0.7112641823778136,-0.34361865070368425,1
-0.6897145814350032,0.4172580611614788,1
0.9672062369670613,-0.3034895569566246,0
-0.5320163009764082,0.5567488787906699,1
0.772980162267422,0.1003893770817071,1
0.769736226427975,0.6655157949268229,0
0.9546601152759028,-0.33222758123643303,0
0.635651628012944,0.5170901954131042,1
-0.21017634413753325,-0.7920761285515446,1
-0.7831504461731698,-0.0010136475576587867,1
-0.99561263156686,-0.02018279114054085,0
0.9445508997112725,0.27074089011860264,0
-0.7328843867609722,-0.7450479014831376,0
0.8731719273651688,-0.5425200091126335,0
-0.49012337264157985,0.9208120514899235,0
-0.9156292067170092,-0.33494770336798535,0
0.6554202208386791,-0.3984953792039603,1
-0.7718792638981414,0.6344316293793898,0
0.14656232627555885,-0.9918435557191086,0
-0.5844642920419244,-0.5741471681622912,1
0.41755964088793124,-0.8877064870182196,0
1.0061415214745222,-0.08744647224279736,0
-0.3861291337729391,-0.9152921927051133,0
-0.7889874326226451,-0.14147205047184433,1
-0.7790318490882969,-0.6552412628575737,0
-0.37932687835838713,0.7355675576272471,1
-0.09390104661094639,1.0203411993832854,0
-0.3643007400924548,0.7628483342485961,1
-0.048626043961962996,-0.7862405817973876,1
0.29755392139338815,0.9384615148015055,0
-0.03451769828660357,-1.0451060703147306,0
0.4170511425959446,0.9061322278086139,0
0.8595408125468847,-0.5214109976272017,0
-0.557936380391499,-0.8652825893737262,0
-0.8960287301161243,0.45046684257441855,0
0.8473427537962388,-0.37199055929018765,0
0.09049534106802937,0.9288173136996105,0
0.1428100334373943,0.8240257060972522,1
0.9685965259542574,0.2097748285083085,0
-0.6167567527500057,0.46299126984505806,1
0.6441577266052692,0.8450383397258768,0
0.24405409954243332,0.944125192163117,0
-0.9786550909762227,-0.2723732479720846,0
-0.13690036014512402,-0.8100118273454452,1
0.6703615632581993,-0.7675015386536396,0
0.28105665230440185,0.9638244328164374,0